order_id,user_id,product_id,price,quantity,sales_amount,order_time,order_date,month_num,week_num,pay_status
2026052200001,u0061,p006,45.00,3,135.00,2026-05-22 02:28:03,2026-05-22,5,21,未支付
2026030200002,u0088,p003,35.50,3,106.50,2026-03-02 13:33:48,2026-03-02,3,10,已支付
2026022300003,u0041,p003,35.50,4,142.00,2026-02-23 02:52:02,2026-02-23,2,9,已支付
2026032500004,u0143,p009,55.00,3,165.00,2026-03-25 00:01:36,2026-03-25,3,13,已退款
2026032400005,u0079,p011,38.00,3,114.00,2026-03-24 09:35:18,2026-03-24,3,13,已支付
2026051900006,u0140,p009,55.00,4,220.00,2026-05-19 13:38:48,2026-05-19,5,21,已支付
2026021600007,u0016,p001,199.00,1,199.00,2026-02-16 17:51:55,2026-02-16,2,8,未支付
2026011700008,u0143,p005,68.00,5,340.00,2026-01-17 20:26:01,2026-01-17,1,3,已退款
2026030400009,u0046,p002,150.00,2,300.00,2026-03-04 04:17:11,2026-03-04,3,10,已退款
2026052200011,u0141,p008,28.00,4,112.00,2026-05-22 22:52:53,2026-05-22,5,21,已支付
2026021200012,u0019,p001,199.00,4,796.00,2026-02-12 15:34:22,2026-02-12,2,7,已支付
2026021900013,u0177,p001,199.00,1,199.00,2026-02-19 09:32:46,2026-02-19,2,8,已支付
2026051600015,u0137,p011,38.00,2,76.00,2026-05-16 17:54:00,2026-05-16,5,20,未支付
2026022400016,u0047,p004,20.00,1,20.00,2026-02-24 19:22:10,2026-02-24,2,9,未支付
2026031600017,u0064,p007,180.00,2,360.00,2026-03-16 14:06:39,2026-03-16,3,12,未支付
2026022200018,u0051,p004,20.00,2,40.00,2026-02-22 10:50:32,2026-02-22,2,8,已退款
2026022100021,u0017,p002,150.00,4,600.00,2026-02-21 04:09:54,2026-02-21,2,8,已支付
2026020300023,u0041,p002,150.00,5,750.00,2026-02-03 15:20:06,2026-02-03,2,6,已支付
2026050300024,u0174,p010,120.00,4,480.00,2026-05-03 19:36:36,2026-05-03,5,18,未支付
2026052100026,u0044,p001,199.00,3,597.00,2026-05-21 02:39:01,2026-05-21,5,21,已支付
2026031100027,u0063,p007,180.00,4,720.00,2026-03-11 16:17:02,2026-03-11,3,11,已支付
2026030400028,u0034,p002,150.00,5,750.00,2026-03-04 13:05:26,2026-03-04,3,10,已支付
2026011300029,u0182,p011,38.00,3,114.00,2026-01-13 04:09:30,2026-01-13,1,3,已支付
2026040100030,u0162,p008,28.00,4,112.00,2026-04-01 19:28:07,2026-04-01,4,14,已支付
2026052100031,u0109,p006,45.00,3,135.00,2026-05-21 03:06:34,2026-05-21,5,21,已支付
2026042400033,u0046,p001,199.00,3,597.00,2026-04-24 00:38:28,2026-04-24,4,17,已退款
2026011500034,u0078,p009,55.00,3,165.00,2026-01-15 20:20:06,2026-01-15,1,3,已支付
2026042600035,u0135,p011,38.00,3,114.00,2026-04-26 04:25:20,2026-04-26,4,17,未支付
2026032100036,u0197,p008,28.00,5,140.00,2026-03-21 18:19:11,2026-03-21,3,12,已退款
2026010300037,u0154,p002,150.00,5,750.00,2026-01-03 14:47:50,2026-01-03,1,1,已支付
2026032800038,u0022,p008,28.00,2,56.00,2026-03-28 09:07:11,2026-03-28,3,13,已支付
2026040100039,u0181,p007,180.00,2,360.00,2026-04-01 06:03:12,2026-04-01,4,14,已支付
2026053100040,u0175,p009,55.00,4,220.00,2026-05-31 04:28:25,2026-05-31,5,22,已支付
2026031900041,u0074,p005,68.00,4,272.00,2026-03-19 01:18:44,2026-03-19,3,12,已支付
2026021400042,u0181,p001,199.00,5,995.00,2026-02-14 13:37:25,2026-02-14,2,7,已退款
2026010800043,u0174,p007,180.00,4,720.00,2026-01-08 07:11:38,2026-01-08,1,2,已支付
2026042400045,u0064,p011,38.00,5,190.00,2026-04-24 13:58:23,2026-04-24,4,17,已支付
2026030900046,u0003,p004,20.00,4,80.00,2026-03-09 01:27:07,2026-03-09,3,11,已支付
2026022000047,u0184,p001,199.00,1,199.00,2026-02-20 19:31:36,2026-02-20,2,8,已支付
2026052500048,u0194,p009,55.00,2,110.00,2026-05-25 23:21:37,2026-05-25,5,22,已支付
2026032800049,u0018,p005,68.00,2,136.00,2026-03-28 02:45:34,2026-03-28,3,13,已退款
2026041000050,u0033,p011,38.00,5,190.00,2026-04-10 10:58:25,2026-04-10,4,15,已支付
2026012900051,u0139,p005,68.00,5,340.00,2026-01-29 02:24:10,2026-01-29,1,5,已支付
2026041800052,u0114,p004,20.00,5,100.00,2026-04-18 12:30:48,2026-04-18,4,16,已支付
2026041800053,u0168,p012,42.00,3,126.00,2026-04-18 19:23:05,2026-04-18,4,16,未支付
2026042600054,u0019,p009,55.00,5,275.00,2026-04-26 17:23:01,2026-04-26,4,17,已退款
2026010900055,u0014,p004,20.00,1,20.00,2026-01-09 00:18:03,2026-01-09,1,2,已支付
2026032900056,u0048,p002,150.00,3,450.00,2026-03-29 03:10:06,2026-03-29,3,13,已支付
2026052700057,u0136,p006,45.00,1,45.00,2026-05-27 04:41:21,2026-05-27,5,22,已支付
2026041700058,u0072,p008,28.00,2,56.00,2026-04-17 10:33:23,2026-04-17,4,16,已支付
2026032000060,u0005,p004,20.00,3,60.00,2026-03-20 20:10:16,2026-03-20,3,12,已退款
2026021400061,u0090,p007,180.00,3,540.00,2026-02-14 04:50:19,2026-02-14,2,7,已支付
2026051000062,u0049,p005,68.00,2,136.00,2026-05-10 01:12:07,2026-05-10,5,19,已支付
2026053100063,u0183,p008,28.00,4,112.00,2026-05-31 02:38:56,2026-05-31,5,22,已支付
2026022200064,u0181,p011,38.00,1,38.00,2026-02-22 02:48:44,2026-02-22,2,8,已支付
2026052700065,u0196,p010,120.00,4,480.00,2026-05-27 22:30:49,2026-05-27,5,22,已支付
2026052900066,u0200,p004,20.00,3,60.00,2026-05-29 05:07:12,2026-05-29,5,22,已退款
2026032000067,u0066,p011,38.00,3,114.00,2026-03-20 22:44:08,2026-03-20,3,12,已退款
2026042800068,u0052,p011,38.00,3,114.00,2026-04-28 16:25:12,2026-04-28,4,18,已支付
2026010900069,u0003,p010,120.00,1,120.00,2026-01-09 22:13:29,2026-01-09,1,2,已支付
2026032100070,u0190,p012,42.00,4,168.00,2026-03-21 23:37:38,2026-03-21,3,12,已支付
2026031800071,u0123,p003,35.50,4,142.00,2026-03-18 00:52:24,2026-03-18,3,12,已支付
2026021600072,u0128,p005,68.00,5,340.00,2026-02-16 03:59:34,2026-02-16,2,8,未支付
2026021500074,u0063,p007,180.00,2,360.00,2026-02-15 16:50:47,2026-02-15,2,7,已支付
2026031100075,u0100,p008,28.00,2,56.00,2026-03-11 05:10:48,2026-03-11,3,11,已支付
2026050400076,u0058,p005,68.00,3,204.00,2026-05-04 02:59:47,2026-05-04,5,19,已退款
2026050900079,u0057,p009,55.00,3,165.00,2026-05-09 15:02:09,2026-05-09,5,19,已支付
2026040700080,u0157,p008,28.00,2,56.00,2026-04-07 05:43:54,2026-04-07,4,15,已退款
2026040900081,u0049,p006,45.00,3,135.00,2026-04-09 20:52:54,2026-04-09,4,15,已支付
2026021300082,u0164,p008,28.00,1,28.00,2026-02-13 07:11:23,2026-02-13,2,7,已支付
2026020600083,u0130,p008,28.00,2,56.00,2026-02-06 20:59:50,2026-02-06,2,6,已支付
2026032600084,u0085,p011,38.00,5,190.00,2026-03-26 11:46:32,2026-03-26,3,13,已支付
2026020400085,u0192,p008,28.00,4,112.00,2026-02-04 16:29:36,2026-02-04,2,6,已支付
2026020200086,u0018,p001,199.00,1,199.00,2026-02-02 10:17:36,2026-02-02,2,6,已支付
2026050100087,u0098,p004,20.00,2,40.00,2026-05-01 08:12:38,2026-05-01,5,18,已支付
2026011500088,u0109,p003,35.50,4,142.00,2026-01-15 03:55:21,2026-01-15,1,3,未支付
2026032700089,u0138,p006,45.00,2,90.00,2026-03-27 16:35:31,2026-03-27,3,13,已退款
2026011900090,u0187,p002,150.00,5,750.00,2026-01-19 08:50:28,2026-01-19,1,4,已支付
2026020300091,u0054,p003,35.50,1,35.50,2026-02-03 08:17:55,2026-02-03,2,6,已退款
2026012400092,u0020,p005,68.00,4,272.00,2026-01-24 01:29:01,2026-01-24,1,4,未支付
2026050800093,u0095,p012,42.00,2,84.00,2026-05-08 04:12:31,2026-05-08,5,19,已支付
2026032900094,u0003,p010,120.00,2,240.00,2026-03-29 17:09:34,2026-03-29,3,13,未支付
2026042300095,u0186,p003,35.50,2,71.00,2026-04-23 16:42:39,2026-04-23,4,17,已支付
2026012400096,u0074,p003,35.50,3,106.50,2026-01-24 17:21:22,2026-01-24,1,4,已支付
2026031700097,u0007,p011,38.00,3,114.00,2026-03-17 07:11:28,2026-03-17,3,12,已退款
2026010900098,u0141,p008,28.00,3,84.00,2026-01-09 08:45:32,2026-01-09,1,2,已退款
2026051900099,u0199,p004,20.00,5,100.00,2026-05-19 10:21:24,2026-05-19,5,21,已支付
2026031200100,u0184,p005,68.00,4,272.00,2026-03-12 01:56:28,2026-03-12,3,11,已支付
2026021100102,u0075,p004,20.00,5,100.00,2026-02-11 18:45:50,2026-02-11,2,7,已支付
2026020100103,u0170,p002,150.00,1,150.00,2026-02-01 12:58:33,2026-02-01,2,5,已退款
2026041700104,u0135,p012,42.00,2,84.00,2026-04-17 23:40:34,2026-04-17,4,16,已支付
2026031800105,u0049,p007,180.00,3,540.00,2026-03-18 00:56:55,2026-03-18,3,12,已退款
2026010500106,u0048,p002,150.00,5,750.00,2026-01-05 18:23:37,2026-01-05,1,2,已退款
2026022200108,u0190,p007,180.00,2,360.00,2026-02-22 04:02:05,2026-02-22,2,8,已支付
2026011600109,u0013,p008,28.00,4,112.00,2026-01-16 21:17:29,2026-01-16,1,3,已支付
2026051200110,u0189,p003,35.50,2,71.00,2026-05-12 06:30:38,2026-05-12,5,20,已支付
2026050500111,u0095,p012,42.00,4,168.00,2026-05-05 15:44:29,2026-05-05,5,19,已支付
2026033000112,u0130,p004,20.00,1,20.00,2026-03-30 22:24:51,2026-03-30,3,14,未支付
2026041200113,u0199,p002,150.00,4,600.00,2026-04-12 10:03:07,2026-04-12,4,15,未支付
2026022100115,u0178,p002,150.00,2,300.00,2026-02-21 06:48:28,2026-02-21,2,8,已支付
2026030200116,u0013,p009,55.00,4,220.00,2026-03-02 19:19:19,2026-03-02,3,10,已支付
2026022200119,u0064,p010,120.00,1,120.00,2026-02-22 08:31:32,2026-02-22,2,8,已支付
2026050400120,u0149,p006,45.00,1,45.00,2026-05-04 11:12:08,2026-05-04,5,19,未支付
2026021900121,u0146,p005,68.00,5,340.00,2026-02-19 21:18:59,2026-02-19,2,8,已退款
2026011200123,u0023,p003,35.50,1,35.50,2026-01-12 15:55:07,2026-01-12,1,3,已支付
2026031300125,u0037,p006,45.00,4,180.00,2026-03-13 23:35:36,2026-03-13,3,11,未支付
2026040200126,u0064,p006,45.00,3,135.00,2026-04-02 21:02:50,2026-04-02,4,14,未支付
2026050600127,u0117,p011,38.00,1,38.00,2026-05-06 12:06:45,2026-05-06,5,19,已支付
2026031600129,u0195,p009,55.00,3,165.00,2026-03-16 18:34:07,2026-03-16,3,12,未支付
2026011300132,u0130,p004,20.00,3,60.00,2026-01-13 13:45:33,2026-01-13,1,3,未支付
2026030400134,u0050,p012,42.00,3,126.00,2026-03-04 00:48:23,2026-03-04,3,10,已支付
2026012900135,u0159,p010,120.00,3,360.00,2026-01-29 21:33:35,2026-01-29,1,5,已支付
2026033000136,u0086,p002,150.00,5,750.00,2026-03-30 05:18:09,2026-03-30,3,14,已退款
2026042000138,u0113,p005,68.00,2,136.00,2026-04-20 09:59:13,2026-04-20,4,17,已支付
2026022800139,u0084,p010,120.00,1,120.00,2026-02-28 09:02:30,2026-02-28,2,9,已支付
2026021100140,u0145,p012,42.00,3,126.00,2026-02-11 00:58:25,2026-02-11,2,7,已支付
2026053100141,u0057,p011,38.00,3,114.00,2026-05-31 00:39:13,2026-05-31,5,22,未支付
2026041500142,u0058,p009,55.00,2,110.00,2026-04-15 16:32:20,2026-04-15,4,16,已退款
2026022400143,u0025,p011,38.00,4,152.00,2026-02-24 14:15:04,2026-02-24,2,9,已支付
2026052600144,u0172,p012,42.00,4,168.00,2026-05-26 08:54:04,2026-05-26,5,22,已支付
2026053100145,u0145,p012,42.00,1,42.00,2026-05-31 15:25:57,2026-05-31,5,22,未支付
2026032900147,u0076,p006,45.00,3,135.00,2026-03-29 17:05:15,2026-03-29,3,13,已支付
2026040600148,u0038,p003,35.50,5,177.50,2026-04-06 04:13:28,2026-04-06,4,15,已支付
2026051300149,u0029,p002,150.00,3,450.00,2026-05-13 15:44:26,2026-05-13,5,20,已支付
2026011000150,u0165,p007,180.00,5,900.00,2026-01-10 02:19:51,2026-01-10,1,2,未支付
2026050400151,u0029,p002,150.00,2,300.00,2026-05-04 06:36:20,2026-05-04,5,19,已支付
2026043000152,u0157,p010,120.00,4,480.00,2026-04-30 17:28:05,2026-04-30,4,18,未支付
2026031000153,u0086,p007,180.00,2,360.00,2026-03-10 11:19:18,2026-03-10,3,11,已支付
2026040700155,u0135,p009,55.00,3,165.00,2026-04-07 11:47:56,2026-04-07,4,15,已支付
2026021900157,u0169,p010,120.00,3,360.00,2026-02-19 19:52:40,2026-02-19,2,8,已支付
2026050700158,u0077,p007,180.00,2,360.00,2026-05-07 12:40:56,2026-05-07,5,19,已支付
2026032400159,u0127,p008,28.00,5,140.00,2026-03-24 06:49:50,2026-03-24,3,13,已支付
2026040300160,u0058,p004,20.00,2,40.00,2026-04-03 22:51:58,2026-04-03,4,14,已支付
2026032900161,u0163,p009,55.00,1,55.00,2026-03-29 10:42:38,2026-03-29,3,13,已支付
2026011300163,u0068,p004,20.00,1,20.00,2026-01-13 10:37:13,2026-01-13,1,3,未支付
2026042800165,u0188,p012,42.00,4,168.00,2026-04-28 23:10:19,2026-04-28,4,18,已支付
2026020200166,u0084,p012,42.00,1,42.00,2026-02-02 08:59:24,2026-02-02,2,6,已支付
2026042200167,u0068,p006,45.00,5,225.00,2026-04-22 20:49:52,2026-04-22,4,17,未支付
2026041500168,u0104,p005,68.00,2,136.00,2026-04-15 08:05:18,2026-04-15,4,16,已支付
2026012100169,u0178,p003,35.50,2,71.00,2026-01-21 16:35:39,2026-01-21,1,4,已支付
2026042200170,u0186,p006,45.00,5,225.00,2026-04-22 09:06:17,2026-04-22,4,17,已退款
2026050700172,u0177,p001,199.00,5,995.00,2026-05-07 20:32:10,2026-05-07,5,19,已支付
2026022700173,u0079,p007,180.00,4,720.00,2026-02-27 13:12:51,2026-02-27,2,9,已退款
2026012500174,u0149,p003,35.50,3,106.50,2026-01-25 17:16:01,2026-01-25,1,4,已支付
2026051700175,u0179,p007,180.00,3,540.00,2026-05-17 21:28:39,2026-05-17,5,20,已退款
2026010900176,u0046,p001,199.00,2,398.00,2026-01-09 10:48:28,2026-01-09,1,2,未支付
2026042400177,u0167,p011,38.00,2,76.00,2026-04-24 09:01:19,2026-04-24,4,17,已支付
2026050900179,u0106,p001,199.00,1,199.00,2026-05-09 11:47:03,2026-05-09,5,19,已支付
2026021500180,u0065,p007,180.00,4,720.00,2026-02-15 16:55:15,2026-02-15,2,7,已支付
2026031000181,u0092,p009,55.00,5,275.00,2026-03-10 13:05:28,2026-03-10,3,11,已支付
2026040800183,u0024,p012,42.00,3,126.00,2026-04-08 07:12:14,2026-04-08,4,15,已退款
2026040500184,u0122,p001,199.00,5,995.00,2026-04-05 15:43:33,2026-04-05,4,14,已退款
2026022800185,u0167,p004,20.00,5,100.00,2026-02-28 02:18:42,2026-02-28,2,9,已支付
2026011400187,u0084,p007,180.00,2,360.00,2026-01-14 16:47:28,2026-01-14,1,3,已支付
2026010800188,u0005,p004,20.00,2,40.00,2026-01-08 17:04:05,2026-01-08,1,2,未支付
2026011700189,u0153,p004,20.00,1,20.00,2026-01-17 04:29:47,2026-01-17,1,3,已退款
2026022200191,u0018,p003,35.50,3,106.50,2026-02-22 03:15:35,2026-02-22,2,8,已支付
2026041600192,u0050,p006,45.00,4,180.00,2026-04-16 20:20:55,2026-04-16,4,16,已支付
2026042500193,u0175,p012,42.00,1,42.00,2026-04-25 14:53:45,2026-04-25,4,17,已支付
2026051200194,u0166,p008,28.00,3,84.00,2026-05-12 12:12:39,2026-05-12,5,20,已退款
2026021500195,u0096,p009,55.00,5,275.00,2026-02-15 15:19:33,2026-02-15,2,7,已退款
2026032700196,u0018,p006,45.00,3,135.00,2026-03-27 08:04:52,2026-03-27,3,13,已支付
2026030300197,u0099,p012,42.00,5,210.00,2026-03-03 09:05:12,2026-03-03,3,10,已支付
2026030600198,u0185,p011,38.00,4,152.00,2026-03-06 04:06:22,2026-03-06,3,10,已退款
2026051300199,u0115,p008,28.00,3,84.00,2026-05-13 15:25:02,2026-05-13,5,20,已退款
2026012300200,u0031,p005,68.00,5,340.00,2026-01-23 18:40:57,2026-01-23,1,4,已退款
2026010100201,u0169,p009,55.00,2,110.00,2026-01-01 21:15:31,2026-01-01,1,1,已退款
2026030600202,u0189,p012,42.00,5,210.00,2026-03-06 09:39:59,2026-03-06,3,10,已退款
2026050300204,u0136,p007,180.00,2,360.00,2026-05-03 11:09:03,2026-05-03,5,18,未支付
2026021500205,u0011,p001,199.00,4,796.00,2026-02-15 18:17:17,2026-02-15,2,7,已支付
2026040100206,u0162,p011,38.00,4,152.00,2026-04-01 03:55:14,2026-04-01,4,14,已支付
2026011400208,u0075,p009,55.00,1,55.00,2026-01-14 02:18:45,2026-01-14,1,3,已支付
2026040900209,u0001,p007,180.00,5,900.00,2026-04-09 19:07:32,2026-04-09,4,15,已支付
2026032800210,u0159,p010,120.00,5,600.00,2026-03-28 22:53:32,2026-03-28,3,13,未支付
2026010900212,u0171,p003,35.50,5,177.50,2026-01-09 14:52:03,2026-01-09,1,2,已支付
2026020400213,u0154,p002,150.00,4,600.00,2026-02-04 05:37:40,2026-02-04,2,6,已支付
2026013000214,u0105,p007,180.00,3,540.00,2026-01-30 05:48:44,2026-01-30,1,5,已支付
2026022300215,u0051,p010,120.00,2,240.00,2026-02-23 07:21:44,2026-02-23,2,9,未支付
2026051500216,u0112,p005,68.00,3,204.00,2026-05-15 02:12:06,2026-05-15,5,20,已支付
2026020400217,u0052,p001,199.00,5,995.00,2026-02-04 09:09:39,2026-02-04,2,6,已支付
2026042400218,u0158,p004,20.00,4,80.00,2026-04-24 05:51:34,2026-04-24,4,17,已支付
2026010800219,u0150,p011,38.00,3,114.00,2026-01-08 00:05:31,2026-01-08,1,2,已支付
2026050900221,u0059,p011,38.00,4,152.00,2026-05-09 07:18:21,2026-05-09,5,19,已支付
2026012900222,u0183,p002,150.00,2,300.00,2026-01-29 06:01:45,2026-01-29,1,5,已支付
2026022300223,u0010,p009,55.00,4,220.00,2026-02-23 18:41:05,2026-02-23,2,9,已支付
2026042500226,u0063,p005,68.00,4,272.00,2026-04-25 11:38:23,2026-04-25,4,17,未支付
2026042600227,u0161,p005,68.00,2,136.00,2026-04-26 03:25:41,2026-04-26,4,17,已支付
2026041000228,u0057,p002,150.00,2,300.00,2026-04-10 17:09:23,2026-04-10,4,15,已支付
2026010600229,u0148,p008,28.00,5,140.00,2026-01-06 19:33:40,2026-01-06,1,2,未支付
2026051100230,u0183,p001,199.00,1,199.00,2026-05-11 02:35:04,2026-05-11,5,20,未支付
2026032000233,u0164,p012,42.00,5,210.00,2026-03-20 22:35:53,2026-03-20,3,12,已支付
2026033000235,u0032,p009,55.00,2,110.00,2026-03-30 01:40:35,2026-03-30,3,14,已支付
2026030900236,u0073,p009,55.00,2,110.00,2026-03-09 23:03:02,2026-03-09,3,11,已支付
2026030400237,u0006,p006,45.00,5,225.00,2026-03-04 01:52:23,2026-03-04,3,10,未支付
2026030700238,u0085,p012,42.00,3,126.00,2026-03-07 23:48:13,2026-03-07,3,10,已支付
2026020300240,u0169,p002,150.00,4,600.00,2026-02-03 14:27:11,2026-02-03,2,6,已支付
2026022400241,u0090,p002,150.00,5,750.00,2026-02-24 12:15:37,2026-02-24,2,9,已支付
2026031600243,u0148,p011,38.00,4,152.00,2026-03-16 06:36:37,2026-03-16,3,12,已支付
2026011800244,u0036,p005,68.00,1,68.00,2026-01-18 17:56:17,2026-01-18,1,3,已支付
2026030800245,u0189,p008,28.00,2,56.00,2026-03-08 03:44:26,2026-03-08,3,10,已支付
2026031800246,u0142,p009,55.00,3,165.00,2026-03-18 18:57:48,2026-03-18,3,12,未支付
2026010600247,u0036,p005,68.00,3,204.00,2026-01-06 12:01:55,2026-01-06,1,2,已支付
2026030200248,u0032,p001,199.00,1,199.00,2026-03-02 23:50:20,2026-03-02,3,10,未支付
2026010400249,u0048,p009,55.00,3,165.00,2026-01-04 00:40:48,2026-01-04,1,1,已支付
2026012500250,u0168,p006,45.00,3,135.00,2026-01-25 08:51:13,2026-01-25,1,4,已支付
2026021200251,u0090,p012,42.00,2,84.00,2026-02-12 10:10:41,2026-02-12,2,7,已支付
2026032800252,u0109,p002,150.00,4,600.00,2026-03-28 23:28:17,2026-03-28,3,13,未支付
2026042400253,u0020,p007,180.00,3,540.00,2026-04-24 05:11:45,2026-04-24,4,17,已支付
2026030200254,u0132,p003,35.50,4,142.00,2026-03-02 03:23:44,2026-03-02,3,10,已退款
2026040600255,u0176,p007,180.00,1,180.00,2026-04-06 06:54:51,2026-04-06,4,15,已支付
2026041900257,u0069,p005,68.00,5,340.00,2026-04-19 11:52:51,2026-04-19,4,16,已退款
2026030400258,u0165,p006,45.00,3,135.00,2026-03-04 02:09:01,2026-03-04,3,10,已支付
2026051300259,u0098,p007,180.00,2,360.00,2026-05-13 21:23:07,2026-05-13,5,20,已支付
2026050600260,u0153,p006,45.00,2,90.00,2026-05-06 19:30:29,2026-05-06,5,19,未支付
2026012700261,u0127,p008,28.00,4,112.00,2026-01-27 21:33:57,2026-01-27,1,5,未支付
2026010900262,u0049,p002,150.00,2,300.00,2026-01-09 04:06:29,2026-01-09,1,2,未支付
2026032500263,u0097,p012,42.00,3,126.00,2026-03-25 10:08:28,2026-03-25,3,13,已支付
2026022600266,u0024,p001,199.00,3,597.00,2026-02-26 15:36:58,2026-02-26,2,9,已支付
2026012900268,u0016,p012,42.00,2,84.00,2026-01-29 07:09:33,2026-01-29,1,5,未支付
2026041800269,u0069,p003,35.50,5,177.50,2026-04-18 07:26:57,2026-04-18,4,16,已支付
2026012800270,u0011,p005,68.00,3,204.00,2026-01-28 17:42:31,2026-01-28,1,5,已支付
2026041100271,u0171,p011,38.00,5,190.00,2026-04-11 10:58:54,2026-04-11,4,15,未支付
2026010400272,u0133,p011,38.00,1,38.00,2026-01-04 09:51:06,2026-01-04,1,1,已支付
2026031700273,u0177,p007,180.00,1,180.00,2026-03-17 05:08:04,2026-03-17,3,12,未支付
2026042000275,u0044,p009,55.00,1,55.00,2026-04-20 18:49:31,2026-04-20,4,17,已支付
2026041400276,u0047,p011,38.00,2,76.00,2026-04-14 19:32:29,2026-04-14,4,16,已退款
2026021200277,u0193,p003,35.50,1,35.50,2026-02-12 18:38:59,2026-02-12,2,7,已支付
2026021100278,u0008,p006,45.00,4,180.00,2026-02-11 16:18:54,2026-02-11,2,7,已退款
2026010500280,u0060,p009,55.00,5,275.00,2026-01-05 06:32:24,2026-01-05,1,2,已支付
2026052600283,u0008,p012,42.00,2,84.00,2026-05-26 04:59:24,2026-05-26,5,22,已支付
2026022000284,u0106,p001,199.00,4,796.00,2026-02-20 05:37:44,2026-02-20,2,8,已支付
2026042000285,u0089,p011,38.00,5,190.00,2026-04-20 12:37:01,2026-04-20,4,17,已退款
2026051200286,u0042,p004,20.00,3,60.00,2026-05-12 00:53:59,2026-05-12,5,20,已退款
2026031300287,u0085,p006,45.00,4,180.00,2026-03-13 12:31:52,2026-03-13,3,11,已退款
2026010600288,u0182,p010,120.00,2,240.00,2026-01-06 19:31:39,2026-01-06,1,2,已支付
2026012500289,u0008,p012,42.00,2,84.00,2026-01-25 03:47:15,2026-01-25,1,4,已支付
2026010500290,u0144,p010,120.00,3,360.00,2026-01-05 09:36:31,2026-01-05,1,2,未支付
2026042500292,u0016,p011,38.00,3,114.00,2026-04-25 19:41:03,2026-04-25,4,17,未支付
2026012900293,u0141,p003,35.50,3,106.50,2026-01-29 02:57:38,2026-01-29,1,5,未支付
2026042200294,u0072,p007,180.00,3,540.00,2026-04-22 07:17:41,2026-04-22,4,17,已退款
2026040100295,u0115,p001,199.00,5,995.00,2026-04-01 10:43:36,2026-04-01,4,14,未支付
2026041900296,u0148,p011,38.00,4,152.00,2026-04-19 13:45:41,2026-04-19,4,16,已支付
2026020700298,u0077,p004,20.00,4,80.00,2026-02-07 13:41:26,2026-02-07,2,6,已支付
2026041000299,u0149,p008,28.00,4,112.00,2026-04-10 02:11:54,2026-04-10,4,15,已退款
2026052200300,u0143,p010,120.00,5,600.00,2026-05-22 19:27:00,2026-05-22,5,21,已退款
2026011600301,u0024,p010,120.00,4,480.00,2026-01-16 11:51:36,2026-01-16,1,3,已支付
2026021300302,u0154,p010,120.00,4,480.00,2026-02-13 00:18:02,2026-02-13,2,7,未支付
2026011500303,u0075,p008,28.00,1,28.00,2026-01-15 15:28:27,2026-01-15,1,3,已退款
2026041500304,u0024,p004,20.00,1,20.00,2026-04-15 00:55:42,2026-04-15,4,16,已支付
2026041300305,u0017,p001,199.00,2,398.00,2026-04-13 16:27:40,2026-04-13,4,16,已支付
2026042400306,u0112,p008,28.00,1,28.00,2026-04-24 11:12:55,2026-04-24,4,17,已支付
2026053000307,u0040,p006,45.00,5,225.00,2026-05-30 10:36:42,2026-05-30,5,22,已支付
2026052700308,u0034,p011,38.00,5,190.00,2026-05-27 19:42:06,2026-05-27,5,22,已支付
2026030200310,u0140,p004,20.00,3,60.00,2026-03-02 00:16:46,2026-03-02,3,10,已支付
2026050200311,u0148,p010,120.00,3,360.00,2026-05-02 05:26:15,2026-05-02,5,18,已支付
2026020400312,u0071,p009,55.00,2,110.00,2026-02-04 15:44:43,2026-02-04,2,6,已支付
2026052100313,u0170,p006,45.00,1,45.00,2026-05-21 08:14:41,2026-05-21,5,21,已支付
2026040600316,u0165,p003,35.50,3,106.50,2026-04-06 20:58:25,2026-04-06,4,15,已支付
2026041400317,u0072,p009,55.00,4,220.00,2026-04-14 04:42:56,2026-04-14,4,16,已支付
2026021900318,u0049,p002,150.00,1,150.00,2026-02-19 23:32:09,2026-02-19,2,8,已支付
2026042000319,u0188,p002,150.00,4,600.00,2026-04-20 11:26:01,2026-04-20,4,17,已支付
2026040400320,u0051,p001,199.00,2,398.00,2026-04-04 21:23:42,2026-04-04,4,14,已支付
2026022000321,u0177,p008,28.00,4,112.00,2026-02-20 07:09:41,2026-02-20,2,8,已支付
2026030400323,u0058,p007,180.00,5,900.00,2026-03-04 12:00:57,2026-03-04,3,10,已支付
2026021900325,u0083,p011,38.00,1,38.00,2026-02-19 18:15:11,2026-02-19,2,8,已支付
2026011900326,u0148,p012,42.00,2,84.00,2026-01-19 18:53:32,2026-01-19,1,4,已支付
2026013000327,u0009,p008,28.00,1,28.00,2026-01-30 05:03:40,2026-01-30,1,5,已支付
2026051900328,u0183,p009,55.00,3,165.00,2026-05-19 16:09:35,2026-05-19,5,21,已支付
2026013100330,u0004,p009,55.00,5,275.00,2026-01-31 21:12:36,2026-01-31,1,5,未支付
2026020100331,u0114,p002,150.00,2,300.00,2026-02-01 14:21:21,2026-02-01,2,5,已支付
2026011400332,u0065,p001,199.00,5,995.00,2026-01-14 17:52:01,2026-01-14,1,3,未支付
2026011900333,u0015,p004,20.00,4,80.00,2026-01-19 00:00:16,2026-01-19,1,4,已支付
2026022200334,u0176,p009,55.00,3,165.00,2026-02-22 19:07:07,2026-02-22,2,8,已支付
2026012900335,u0168,p009,55.00,4,220.00,2026-01-29 10:05:03,2026-01-29,1,5,已支付
2026022800336,u0159,p008,28.00,2,56.00,2026-02-28 21:54:03,2026-02-28,2,9,已退款
2026032400338,u0050,p008,28.00,4,112.00,2026-03-24 17:29:57,2026-03-24,3,13,已支付
2026031800340,u0011,p001,199.00,2,398.00,2026-03-18 17:25:59,2026-03-18,3,12,已支付
2026051800341,u0141,p010,120.00,2,240.00,2026-05-18 17:42:51,2026-05-18,5,21,已退款
2026041900342,u0067,p012,42.00,1,42.00,2026-04-19 02:20:18,2026-04-19,4,16,已支付
2026041800343,u0016,p011,38.00,3,114.00,2026-04-18 13:23:15,2026-04-18,4,16,已支付
2026020400344,u0005,p006,45.00,1,45.00,2026-02-04 10:15:03,2026-02-04,2,6,未支付
2026041700345,u0121,p011,38.00,2,76.00,2026-04-17 02:49:10,2026-04-17,4,16,已支付
2026022300346,u0053,p004,20.00,2,40.00,2026-02-23 14:17:38,2026-02-23,2,9,已退款
2026031300347,u0138,p004,20.00,1,20.00,2026-03-13 12:30:44,2026-03-13,3,11,已支付
2026051200348,u0017,p011,38.00,5,190.00,2026-05-12 02:09:22,2026-05-12,5,20,已支付
2026020500349,u0059,p004,20.00,2,40.00,2026-02-05 03:01:58,2026-02-05,2,6,已支付
2026012100350,u0180,p010,120.00,4,480.00,2026-01-21 05:45:16,2026-01-21,1,4,未支付
2026050400351,u0176,p004,20.00,1,20.00,2026-05-04 04:11:13,2026-05-04,5,19,已支付
2026021200352,u0122,p003,35.50,4,142.00,2026-02-12 19:04:49,2026-02-12,2,7,未支付
2026030500354,u0012,p007,180.00,4,720.00,2026-03-05 04:22:25,2026-03-05,3,10,已支付
2026012000355,u0043,p004,20.00,5,100.00,2026-01-20 11:49:17,2026-01-20,1,4,已支付
2026040700357,u0110,p005,68.00,1,68.00,2026-04-07 20:39:50,2026-04-07,4,15,未支付
2026050100358,u0161,p011,38.00,5,190.00,2026-05-01 03:26:12,2026-05-01,5,18,已支付
2026041700359,u0054,p003,35.50,2,71.00,2026-04-17 06:18:28,2026-04-17,4,16,已支付
2026011700361,u0114,p004,20.00,3,60.00,2026-01-17 01:54:59,2026-01-17,1,3,已支付
2026022300362,u0144,p004,20.00,3,60.00,2026-02-23 12:29:31,2026-02-23,2,9,已支付
2026020200363,u0057,p012,42.00,1,42.00,2026-02-02 08:25:35,2026-02-02,2,6,已支付
2026022200365,u0193,p004,20.00,5,100.00,2026-02-22 09:10:06,2026-02-22,2,8,已支付
2026022800366,u0065,p006,45.00,4,180.00,2026-02-28 10:07:43,2026-02-28,2,9,未支付
2026050700367,u0078,p010,120.00,5,600.00,2026-05-07 09:01:53,2026-05-07,5,19,已支付
2026021700368,u0041,p005,68.00,1,68.00,2026-02-17 18:07:39,2026-02-17,2,8,未支付
2026021500369,u0003,p010,120.00,2,240.00,2026-02-15 07:28:38,2026-02-15,2,7,未支付
2026020400371,u0110,p010,120.00,5,600.00,2026-02-04 02:52:21,2026-02-04,2,6,已支付
2026050700372,u0005,p012,42.00,5,210.00,2026-05-07 11:52:07,2026-05-07,5,19,已支付
2026012800373,u0048,p006,45.00,1,45.00,2026-01-28 09:00:36,2026-01-28,1,5,已支付
2026020800374,u0150,p001,199.00,2,398.00,2026-02-08 10:23:16,2026-02-08,2,6,已退款
2026022000375,u0109,p011,38.00,4,152.00,2026-02-20 14:55:35,2026-02-20,2,8,已支付
2026031000376,u0098,p002,150.00,2,300.00,2026-03-10 22:05:29,2026-03-10,3,11,已支付
2026011900378,u0079,p002,150.00,5,750.00,2026-01-19 04:16:51,2026-01-19,1,4,已支付
2026042000379,u0124,p001,199.00,2,398.00,2026-04-20 03:51:17,2026-04-20,4,17,已支付
2026031400380,u0097,p011,38.00,5,190.00,2026-03-14 09:32:12,2026-03-14,3,11,已退款
2026012500382,u0066,p006,45.00,4,180.00,2026-01-25 09:25:55,2026-01-25,1,4,已支付
2026031800383,u0124,p002,150.00,4,600.00,2026-03-18 21:33:44,2026-03-18,3,12,未支付
2026052200384,u0111,p011,38.00,1,38.00,2026-05-22 06:31:15,2026-05-22,5,21,已支付
2026050600386,u0199,p009,55.00,1,55.00,2026-05-06 08:24:23,2026-05-06,5,19,已支付
2026021000387,u0085,p008,28.00,2,56.00,2026-02-10 00:40:52,2026-02-10,2,7,已支付
2026020500388,u0094,p010,120.00,3,360.00,2026-02-05 06:10:47,2026-02-05,2,6,已退款
2026051300390,u0061,p001,199.00,4,796.00,2026-05-13 23:35:34,2026-05-13,5,20,已支付
2026051000391,u0122,p011,38.00,5,190.00,2026-05-10 17:31:48,2026-05-10,5,19,已支付
2026011500392,u0184,p010,120.00,5,600.00,2026-01-15 17:33:01,2026-01-15,1,3,已支付
2026041500395,u0029,p010,120.00,5,600.00,2026-04-15 13:26:03,2026-04-15,4,16,已支付
2026051600396,u0160,p001,199.00,2,398.00,2026-05-16 05:05:07,2026-05-16,5,20,已退款
2026010900397,u0124,p011,38.00,2,76.00,2026-01-09 23:12:44,2026-01-09,1,2,已支付
2026011500398,u0149,p012,42.00,2,84.00,2026-01-15 17:49:33,2026-01-15,1,3,已支付
2026052800401,u0068,p011,38.00,1,38.00,2026-05-28 08:14:52,2026-05-28,5,22,已支付
2026050400402,u0042,p004,20.00,4,80.00,2026-05-04 04:54:35,2026-05-04,5,19,已支付
2026022500403,u0179,p002,150.00,2,300.00,2026-02-25 01:02:51,2026-02-25,2,9,已支付
2026010600404,u0067,p010,120.00,1,120.00,2026-01-06 16:59:59,2026-01-06,1,2,已支付
2026021100405,u0161,p008,28.00,2,56.00,2026-02-11 03:38:21,2026-02-11,2,7,已支付
2026042000406,u0027,p002,150.00,1,150.00,2026-04-20 02:27:50,2026-04-20,4,17,已支付
2026010800407,u0199,p008,28.00,4,112.00,2026-01-08 15:14:12,2026-01-08,1,2,已支付
2026051500409,u0055,p004,20.00,4,80.00,2026-05-15 13:23:58,2026-05-15,5,20,未支付
2026040500410,u0118,p010,120.00,4,480.00,2026-04-05 04:20:25,2026-04-05,4,14,未支付
2026031500411,u0005,p011,38.00,4,152.00,2026-03-15 16:16:05,2026-03-15,3,11,已支付
2026030800412,u0149,p001,199.00,5,995.00,2026-03-08 14:52:56,2026-03-08,3,10,已支付
2026052000413,u0059,p003,35.50,2,71.00,2026-05-20 01:26:20,2026-05-20,5,21,已支付
2026030200414,u0109,p011,38.00,4,152.00,2026-03-02 05:13:50,2026-03-02,3,10,已支付
2026051000417,u0044,p001,199.00,1,199.00,2026-05-10 19:43:55,2026-05-10,5,19,已支付
2026010200418,u0105,p006,45.00,4,180.00,2026-01-02 22:14:08,2026-01-02,1,1,已支付
2026050800419,u0037,p011,38.00,1,38.00,2026-05-08 12:04:12,2026-05-08,5,19,已支付
2026012300420,u0076,p009,55.00,2,110.00,2026-01-23 04:31:31,2026-01-23,1,4,未支付
2026031200421,u0173,p004,20.00,5,100.00,2026-03-12 16:56:14,2026-03-12,3,11,已支付
2026052100422,u0187,p002,150.00,5,750.00,2026-05-21 13:14:37,2026-05-21,5,21,已支付
2026011300423,u0187,p012,42.00,1,42.00,2026-01-13 16:17:22,2026-01-13,1,3,已支付
2026013100426,u0171,p004,20.00,1,20.00,2026-01-31 13:00:46,2026-01-31,1,5,已退款
2026042900427,u0070,p003,35.50,4,142.00,2026-04-29 18:20:36,2026-04-29,4,18,已支付
2026041700428,u0065,p005,68.00,3,204.00,2026-04-17 11:20:57,2026-04-17,4,16,已支付
2026051800429,u0038,p010,120.00,4,480.00,2026-05-18 06:45:08,2026-05-18,5,21,已支付
2026050700430,u0042,p003,35.50,3,106.50,2026-05-07 06:30:49,2026-05-07,5,19,已支付
2026032500431,u0192,p006,45.00,3,135.00,2026-03-25 00:00:16,2026-03-25,3,13,已支付
2026042000432,u0069,p010,120.00,2,240.00,2026-04-20 18:25:49,2026-04-20,4,17,已支付
2026020900433,u0177,p007,180.00,2,360.00,2026-02-09 19:04:37,2026-02-09,2,7,已支付
2026011000434,u0055,p005,68.00,3,204.00,2026-01-10 08:03:53,2026-01-10,1,2,已退款
2026020100435,u0069,p007,180.00,3,540.00,2026-02-01 07:21:16,2026-02-01,2,5,未支付
2026042900437,u0066,p002,150.00,5,750.00,2026-04-29 10:44:35,2026-04-29,4,18,未支付
2026012900438,u0171,p004,20.00,5,100.00,2026-01-29 06:50:29,2026-01-29,1,5,已支付
2026032000440,u0076,p008,28.00,5,140.00,2026-03-20 16:29:34,2026-03-20,3,12,已支付
2026032900441,u0183,p005,68.00,4,272.00,2026-03-29 02:05:55,2026-03-29,3,13,已支付
2026030400442,u0028,p009,55.00,3,165.00,2026-03-04 02:43:57,2026-03-04,3,10,已支付
2026041900443,u0100,p005,68.00,2,136.00,2026-04-19 06:12:38,2026-04-19,4,16,已退款
2026051300445,u0060,p003,35.50,1,35.50,2026-05-13 19:54:18,2026-05-13,5,20,已支付
2026013000446,u0141,p007,180.00,5,900.00,2026-01-30 13:30:37,2026-01-30,1,5,已支付
2026042800447,u0073,p007,180.00,1,180.00,2026-04-28 10:51:14,2026-04-28,4,18,已支付
2026010200448,u0159,p005,68.00,3,204.00,2026-01-02 00:54:55,2026-01-02,1,1,已支付
2026020500449,u0069,p003,35.50,3,106.50,2026-02-05 23:40:41,2026-02-05,2,6,未支付
2026012900450,u0012,p006,45.00,3,135.00,2026-01-29 07:23:32,2026-01-29,1,5,已退款
2026032400451,u0135,p012,42.00,2,84.00,2026-03-24 23:24:22,2026-03-24,3,13,已支付
2026033100452,u0179,p011,38.00,1,38.00,2026-03-31 01:58:52,2026-03-31,3,14,已支付
2026021000453,u0108,p001,199.00,2,398.00,2026-02-10 01:01:06,2026-02-10,2,7,已支付
2026012800454,u0195,p002,150.00,3,450.00,2026-01-28 06:14:46,2026-01-28,1,5,已退款
2026040600455,u0103,p002,150.00,1,150.00,2026-04-06 20:51:51,2026-04-06,4,15,已退款
2026040900456,u0151,p012,42.00,2,84.00,2026-04-09 16:26:31,2026-04-09,4,15,已支付
2026041200459,u0030,p008,28.00,3,84.00,2026-04-12 07:31:59,2026-04-12,4,15,已支付
2026010400460,u0125,p002,150.00,2,300.00,2026-01-04 02:14:44,2026-01-04,1,1,已支付
2026020400462,u0041,p010,120.00,5,600.00,2026-02-04 00:14:06,2026-02-04,2,6,已支付
2026040900463,u0114,p007,180.00,4,720.00,2026-04-09 07:58:07,2026-04-09,4,15,已支付
2026010600464,u0183,p011,38.00,2,76.00,2026-01-06 01:06:19,2026-01-06,1,2,已退款
2026021000465,u0099,p007,180.00,3,540.00,2026-02-10 01:32:29,2026-02-10,2,7,已支付
2026020700466,u0033,p010,120.00,3,360.00,2026-02-07 11:05:27,2026-02-07,2,6,已支付
2026041200467,u0042,p003,35.50,5,177.50,2026-04-12 12:33:09,2026-04-12,4,15,已支付
2026052300468,u0072,p001,199.00,5,995.00,2026-05-23 07:36:13,2026-05-23,5,21,已退款
2026032500469,u0137,p008,28.00,2,56.00,2026-03-25 02:47:07,2026-03-25,3,13,未支付
2026012200470,u0111,p005,68.00,2,136.00,2026-01-22 19:55:47,2026-01-22,1,4,已支付
2026022400471,u0091,p003,35.50,1,35.50,2026-02-24 13:30:08,2026-02-24,2,9,已支付
2026011900472,u0121,p008,28.00,2,56.00,2026-01-19 21:10:12,2026-01-19,1,4,已支付
2026041300475,u0018,p004,20.00,1,20.00,2026-04-13 01:20:21,2026-04-13,4,16,已退款
2026022400476,u0098,p011,38.00,3,114.00,2026-02-24 03:33:16,2026-02-24,2,9,已退款
2026012800477,u0015,p005,68.00,5,340.00,2026-01-28 15:16:38,2026-01-28,1,5,已支付
2026012400478,u0096,p012,42.00,1,42.00,2026-01-24 08:18:38,2026-01-24,1,4,已支付
2026041000479,u0071,p007,180.00,2,360.00,2026-04-10 20:31:56,2026-04-10,4,15,已支付
2026012300480,u0021,p005,68.00,2,136.00,2026-01-23 08:48:31,2026-01-23,1,4,已支付
2026050700481,u0057,p010,120.00,3,360.00,2026-05-07 18:04:53,2026-05-07,5,19,已支付
2026052500483,u0158,p011,38.00,2,76.00,2026-05-25 07:36:16,2026-05-25,5,22,未支付
2026031900484,u0168,p011,38.00,1,38.00,2026-03-19 10:14:33,2026-03-19,3,12,已支付
2026021600485,u0028,p006,45.00,4,180.00,2026-02-16 13:13:46,2026-02-16,2,8,已支付
2026041100486,u0172,p004,20.00,4,80.00,2026-04-11 09:02:20,2026-04-11,4,15,已退款
2026031100487,u0037,p012,42.00,4,168.00,2026-03-11 10:18:45,2026-03-11,3,11,已支付
2026041300488,u0071,p011,38.00,1,38.00,2026-04-13 10:09:25,2026-04-13,4,16,已支付
2026011700489,u0088,p001,199.00,4,796.00,2026-01-17 05:52:46,2026-01-17,1,3,已支付
2026012700491,u0032,p006,45.00,4,180.00,2026-01-27 23:59:37,2026-01-27,1,5,已支付
2026031900492,u0194,p001,199.00,5,995.00,2026-03-19 16:20:15,2026-03-19,3,12,已支付
2026013000493,u0092,p005,68.00,4,272.00,2026-01-30 09:12:00,2026-01-30,1,5,已支付
2026011100495,u0106,p003,35.50,3,106.50,2026-01-11 05:14:13,2026-01-11,1,2,已支付
2026021700496,u0064,p005,68.00,3,204.00,2026-02-17 04:27:13,2026-02-17,2,8,已支付
2026051300498,u0056,p002,150.00,4,600.00,2026-05-13 20:52:31,2026-05-13,5,20,已退款
2026052400499,u0048,p006,45.00,5,225.00,2026-05-24 03:49:34,2026-05-24,5,21,已支付
2026010500500,u0014,p005,68.00,2,136.00,2026-01-05 19:24:05,2026-01-05,1,2,已支付
2026011900502,u0022,p002,150.00,3,450.00,2026-01-19 20:37:13,2026-01-19,1,4,已支付
2026012300503,u0121,p009,55.00,2,110.00,2026-01-23 16:41:18,2026-01-23,1,4,已退款
2026030900504,u0086,p009,55.00,1,55.00,2026-03-09 22:18:50,2026-03-09,3,11,已支付
2026012400505,u0148,p006,45.00,4,180.00,2026-01-24 02:34:32,2026-01-24,1,4,未支付
2026032700507,u0050,p005,68.00,4,272.00,2026-03-27 15:04:30,2026-03-27,3,13,已支付
2026052200508,u0178,p009,55.00,4,220.00,2026-05-22 04:05:52,2026-05-22,5,21,已支付
2026053000510,u0120,p003,35.50,1,35.50,2026-05-30 10:16:44,2026-05-30,5,22,已支付
2026021400511,u0193,p003,35.50,4,142.00,2026-02-14 04:48:52,2026-02-14,2,7,已支付
2026011500512,u0127,p010,120.00,2,240.00,2026-01-15 23:15:53,2026-01-15,1,3,已支付
2026022500513,u0045,p011,38.00,4,152.00,2026-02-25 02:20:27,2026-02-25,2,9,已支付
2026021900514,u0155,p009,55.00,1,55.00,2026-02-19 09:57:27,2026-02-19,2,8,已支付
2026031200515,u0141,p006,45.00,2,90.00,2026-03-12 05:44:46,2026-03-12,3,11,未支付
2026012600516,u0103,p007,180.00,5,900.00,2026-01-26 11:52:21,2026-01-26,1,5,已退款
2026050200517,u0100,p004,20.00,3,60.00,2026-05-02 22:40:59,2026-05-02,5,18,已退款
2026011400518,u0129,p007,180.00,5,900.00,2026-01-14 02:32:53,2026-01-14,1,3,已退款
2026012400519,u0091,p008,28.00,4,112.00,2026-01-24 18:13:05,2026-01-24,1,4,未支付
2026042000520,u0005,p004,20.00,4,80.00,2026-04-20 18:29:23,2026-04-20,4,17,未支付
2026011400523,u0199,p006,45.00,4,180.00,2026-01-14 12:45:03,2026-01-14,1,3,已支付
2026042900524,u0097,p001,199.00,2,398.00,2026-04-29 17:24:50,2026-04-29,4,18,已支付
2026012000527,u0052,p001,199.00,5,995.00,2026-01-20 08:41:39,2026-01-20,1,4,已支付
2026021000528,u0102,p011,38.00,4,152.00,2026-02-10 16:10:35,2026-02-10,2,7,已支付
2026041000529,u0077,p012,42.00,1,42.00,2026-04-10 10:40:41,2026-04-10,4,15,已支付
2026012600530,u0105,p008,28.00,1,28.00,2026-01-26 06:12:27,2026-01-26,1,5,已支付
2026020600533,u0044,p007,180.00,1,180.00,2026-02-06 00:32:08,2026-02-06,2,6,已支付
2026022600535,u0134,p002,150.00,5,750.00,2026-02-26 16:47:00,2026-02-26,2,9,已支付
2026010600536,u0142,p002,150.00,2,300.00,2026-01-06 13:36:47,2026-01-06,1,2,已支付
2026051000538,u0142,p004,20.00,5,100.00,2026-05-10 02:13:18,2026-05-10,5,19,已退款
2026011800539,u0004,p005,68.00,1,68.00,2026-01-18 02:46:57,2026-01-18,1,3,已支付
2026032300540,u0194,p009,55.00,4,220.00,2026-03-23 07:01:15,2026-03-23,3,13,已支付
2026021500541,u0046,p009,55.00,4,220.00,2026-02-15 12:56:56,2026-02-15,2,7,已支付
2026040200542,u0106,p010,120.00,1,120.00,2026-04-02 12:18:45,2026-04-02,4,14,已退款
2026022800543,u0053,p001,199.00,3,597.00,2026-02-28 02:57:15,2026-02-28,2,9,未支付
2026011200544,u0168,p003,35.50,3,106.50,2026-01-12 23:32:48,2026-01-12,1,3,已支付
2026022000545,u0035,p010,120.00,2,240.00,2026-02-20 01:08:57,2026-02-20,2,8,已支付
2026041800546,u0053,p007,180.00,4,720.00,2026-04-18 02:52:53,2026-04-18,4,16,已支付
2026032900547,u0185,p004,20.00,2,40.00,2026-03-29 15:49:45,2026-03-29,3,13,已支付
2026013100548,u0069,p011,38.00,1,38.00,2026-01-31 20:49:04,2026-01-31,1,5,已支付
2026031100549,u0081,p011,38.00,2,76.00,2026-03-11 04:52:39,2026-03-11,3,11,已退款
2026031200550,u0103,p010,120.00,2,240.00,2026-03-12 19:34:03,2026-03-12,3,11,已支付
2026051200551,u0187,p011,38.00,4,152.00,2026-05-12 02:41:55,2026-05-12,5,20,未支付
2026051000553,u0079,p002,150.00,1,150.00,2026-05-10 16:33:10,2026-05-10,5,19,已支付
2026040300556,u0046,p004,20.00,1,20.00,2026-04-03 00:47:33,2026-04-03,4,14,已支付
2026052400557,u0099,p004,20.00,2,40.00,2026-05-24 09:06:55,2026-05-24,5,21,已退款
2026043000558,u0111,p005,68.00,3,204.00,2026-04-30 03:20:57,2026-04-30,4,18,已退款
2026011200559,u0041,p009,55.00,2,110.00,2026-01-12 12:17:24,2026-01-12,1,3,已支付
2026042300560,u0002,p005,68.00,2,136.00,2026-04-23 14:15:18,2026-04-23,4,17,已支付
2026042800561,u0041,p001,199.00,3,597.00,2026-04-28 05:36:05,2026-04-28,4,18,已支付
2026052000562,u0145,p004,20.00,3,60.00,2026-05-20 13:17:16,2026-05-20,5,21,未支付
2026010400563,u0032,p009,55.00,1,55.00,2026-01-04 00:39:46,2026-01-04,1,1,已支付
2026041600564,u0028,p002,150.00,3,450.00,2026-04-16 19:19:41,2026-04-16,4,16,已支付
2026012400565,u0161,p009,55.00,5,275.00,2026-01-24 11:22:56,2026-01-24,1,4,未支付
2026041500566,u0050,p006,45.00,4,180.00,2026-04-15 08:00:13,2026-04-15,4,16,已支付
2026051600567,u0073,p005,68.00,4,272.00,2026-05-16 15:03:13,2026-05-16,5,20,已支付
2026022600568,u0046,p001,199.00,3,597.00,2026-02-26 20:44:20,2026-02-26,2,9,未支付
2026031500570,u0151,p003,35.50,3,106.50,2026-03-15 06:27:58,2026-03-15,3,11,已支付
2026030300571,u0119,p005,68.00,1,68.00,2026-03-03 13:04:30,2026-03-03,3,10,已支付
2026050500573,u0141,p008,28.00,2,56.00,2026-05-05 10:11:09,2026-05-05,5,19,已退款
2026051500574,u0015,p010,120.00,4,480.00,2026-05-15 16:49:20,2026-05-15,5,20,已退款
2026021400575,u0128,p009,55.00,1,55.00,2026-02-14 06:36:07,2026-02-14,2,7,已支付
2026021700576,u0122,p011,38.00,3,114.00,2026-02-17 19:44:50,2026-02-17,2,8,已支付
2026032600577,u0130,p008,28.00,3,84.00,2026-03-26 12:50:40,2026-03-26,3,13,已支付
2026040600578,u0061,p010,120.00,3,360.00,2026-04-06 04:29:30,2026-04-06,4,15,已支付
2026022800579,u0087,p001,199.00,2,398.00,2026-02-28 07:12:27,2026-02-28,2,9,已支付
2026040900580,u0080,p004,20.00,3,60.00,2026-04-09 00:39:02,2026-04-09,4,15,已支付
2026053000581,u0040,p005,68.00,4,272.00,2026-05-30 12:23:59,2026-05-30,5,22,已退款
2026022600582,u0139,p004,20.00,1,20.00,2026-02-26 03:55:39,2026-02-26,2,9,已支付
2026052400584,u0151,p009,55.00,2,110.00,2026-05-24 05:32:19,2026-05-24,5,21,已支付
2026010400585,u0162,p003,35.50,2,71.00,2026-01-04 19:18:48,2026-01-04,1,1,已支付
2026033000588,u0016,p012,42.00,4,168.00,2026-03-30 07:24:14,2026-03-30,3,14,已支付
2026022200589,u0200,p010,120.00,2,240.00,2026-02-22 01:35:51,2026-02-22,2,8,已退款
2026052500590,u0023,p012,42.00,5,210.00,2026-05-25 11:03:09,2026-05-25,5,22,已支付
2026051700591,u0191,p008,28.00,2,56.00,2026-05-17 07:27:18,2026-05-17,5,20,已支付
2026011800592,u0182,p004,20.00,3,60.00,2026-01-18 09:29:34,2026-01-18,1,3,已支付
2026011400593,u0074,p008,28.00,1,28.00,2026-01-14 20:43:37,2026-01-14,1,3,未支付
2026030100597,u0078,p012,42.00,3,126.00,2026-03-01 11:40:25,2026-03-01,3,9,已支付
2026043000598,u0020,p005,68.00,4,272.00,2026-04-30 14:55:09,2026-04-30,4,18,已支付
2026041800599,u0098,p002,150.00,5,750.00,2026-04-18 20:57:41,2026-04-18,4,16,已退款
2026052700600,u0158,p009,55.00,5,275.00,2026-05-27 01:04:34,2026-05-27,5,22,已支付
2026010300602,u0072,p008,28.00,5,140.00,2026-01-03 07:07:26,2026-01-03,1,1,已支付
2026010600604,u0114,p011,38.00,4,152.00,2026-01-06 16:47:48,2026-01-06,1,2,已支付
2026021500605,u0077,p001,199.00,5,995.00,2026-02-15 12:46:41,2026-02-15,2,7,未支付
2026032300606,u0043,p009,55.00,5,275.00,2026-03-23 20:46:59,2026-03-23,3,13,已退款
2026051000607,u0103,p010,120.00,5,600.00,2026-05-10 13:47:59,2026-05-10,5,19,未支付
2026053000608,u0188,p011,38.00,1,38.00,2026-05-30 18:33:06,2026-05-30,5,22,已支付
2026021600609,u0194,p011,38.00,1,38.00,2026-02-16 10:29:17,2026-02-16,2,8,已支付
2026050600610,u0007,p005,68.00,2,136.00,2026-05-06 03:24:16,2026-05-06,5,19,已支付
2026051700611,u0028,p012,42.00,1,42.00,2026-05-17 07:21:55,2026-05-17,5,20,已退款
2026052400613,u0055,p001,199.00,3,597.00,2026-05-24 19:02:08,2026-05-24,5,21,未支付
2026041500615,u0077,p002,150.00,4,600.00,2026-04-15 03:01:29,2026-04-15,4,16,未支付
2026020800616,u0178,p012,42.00,3,126.00,2026-02-08 16:23:39,2026-02-08,2,6,已退款
2026052000617,u0103,p007,180.00,4,720.00,2026-05-20 18:35:55,2026-05-20,5,21,已支付
2026010800618,u0001,p001,199.00,1,199.00,2026-01-08 01:05:17,2026-01-08,1,2,已支付
2026020900619,u0014,p001,199.00,4,796.00,2026-02-09 06:43:39,2026-02-09,2,7,未支付
2026031700620,u0006,p002,150.00,4,600.00,2026-03-17 11:02:21,2026-03-17,3,12,已退款
2026032900621,u0095,p004,20.00,1,20.00,2026-03-29 19:42:02,2026-03-29,3,13,已退款
2026041300623,u0048,p012,42.00,5,210.00,2026-04-13 02:42:44,2026-04-13,4,16,未支付
2026033100624,u0106,p008,28.00,2,56.00,2026-03-31 10:06:47,2026-03-31,3,14,未支付
2026053000625,u0103,p007,180.00,4,720.00,2026-05-30 18:13:06,2026-05-30,5,22,已支付
2026051900626,u0123,p012,42.00,5,210.00,2026-05-19 23:58:54,2026-05-19,5,21,已支付
2026021600627,u0123,p006,45.00,5,225.00,2026-02-16 16:15:33,2026-02-16,2,8,已支付
2026040800628,u0125,p009,55.00,2,110.00,2026-04-08 18:36:11,2026-04-08,4,15,已支付
2026022800629,u0194,p007,180.00,3,540.00,2026-02-28 01:24:30,2026-02-28,2,9,已支付
2026033000630,u0107,p002,150.00,5,750.00,2026-03-30 08:51:06,2026-03-30,3,14,未支付
2026040400631,u0106,p002,150.00,1,150.00,2026-04-04 09:53:14,2026-04-04,4,14,已支付
2026040800632,u0102,p008,28.00,1,28.00,2026-04-08 16:26:26,2026-04-08,4,15,已支付
2026032000633,u0035,p012,42.00,5,210.00,2026-03-20 18:26:39,2026-03-20,3,12,已支付
2026050700634,u0175,p011,38.00,2,76.00,2026-05-07 10:29:59,2026-05-07,5,19,已支付
2026020200637,u0159,p003,35.50,3,106.50,2026-02-02 05:07:41,2026-02-02,2,6,已退款
2026040900639,u0051,p010,120.00,4,480.00,2026-04-09 02:20:03,2026-04-09,4,15,已退款
2026040900640,u0164,p010,120.00,2,240.00,2026-04-09 19:59:10,2026-04-09,4,15,已退款
2026052300642,u0163,p007,180.00,1,180.00,2026-05-23 01:12:35,2026-05-23,5,21,已退款
2026030600643,u0029,p004,20.00,3,60.00,2026-03-06 02:41:29,2026-03-06,3,10,已支付
2026052500644,u0119,p007,180.00,5,900.00,2026-05-25 01:28:23,2026-05-25,5,22,已支付
2026030400645,u0121,p002,150.00,4,600.00,2026-03-04 03:56:33,2026-03-04,3,10,已退款
2026030600646,u0002,p008,28.00,5,140.00,2026-03-06 05:55:46,2026-03-06,3,10,已支付
2026020400647,u0052,p010,120.00,2,240.00,2026-02-04 02:15:16,2026-02-04,2,6,已退款
2026032400648,u0169,p010,120.00,1,120.00,2026-03-24 06:39:46,2026-03-24,3,13,已支付
2026010100649,u0106,p003,35.50,4,142.00,2026-01-01 07:14:00,2026-01-01,1,1,已支付
2026043000650,u0009,p009,55.00,5,275.00,2026-04-30 16:58:40,2026-04-30,4,18,未支付
2026022200651,u0054,p007,180.00,5,900.00,2026-02-22 20:31:08,2026-02-22,2,8,已支付
2026051700652,u0024,p011,38.00,5,190.00,2026-05-17 21:42:22,2026-05-17,5,20,未支付
2026011900654,u0116,p007,180.00,2,360.00,2026-01-19 22:45:45,2026-01-19,1,4,已支付
2026030300655,u0158,p008,28.00,3,84.00,2026-03-03 19:53:11,2026-03-03,3,10,未支付
2026031300656,u0094,p003,35.50,3,106.50,2026-03-13 16:08:39,2026-03-13,3,11,已支付
2026042500657,u0095,p001,199.00,5,995.00,2026-04-25 03:43:12,2026-04-25,4,17,已支付
2026012500658,u0038,p010,120.00,4,480.00,2026-01-25 23:17:42,2026-01-25,1,4,已支付
2026011200659,u0200,p003,35.50,5,177.50,2026-01-12 06:47:08,2026-01-12,1,3,已支付
2026012000661,u0123,p011,38.00,4,152.00,2026-01-20 15:57:56,2026-01-20,1,4,未支付
2026021800662,u0180,p005,68.00,4,272.00,2026-02-18 12:13:35,2026-02-18,2,8,已支付
2026032100663,u0111,p001,199.00,2,398.00,2026-03-21 18:59:19,2026-03-21,3,12,已支付
2026051500664,u0067,p006,45.00,4,180.00,2026-05-15 10:16:25,2026-05-15,5,20,已支付
2026021100666,u0013,p011,38.00,4,152.00,2026-02-11 01:05:02,2026-02-11,2,7,未支付
2026052600667,u0097,p011,38.00,5,190.00,2026-05-26 21:12:37,2026-05-26,5,22,已支付
2026042900668,u0195,p005,68.00,4,272.00,2026-04-29 05:26:16,2026-04-29,4,18,已支付
2026022100669,u0024,p007,180.00,5,900.00,2026-02-21 19:13:55,2026-02-21,2,8,已支付
2026020300670,u0054,p001,199.00,1,199.00,2026-02-03 16:06:17,2026-02-03,2,6,已支付
2026041200671,u0166,p007,180.00,3,540.00,2026-04-12 15:36:00,2026-04-12,4,15,已退款
2026040600673,u0082,p011,38.00,2,76.00,2026-04-06 12:57:24,2026-04-06,4,15,已支付
2026041000674,u0021,p002,150.00,3,450.00,2026-04-10 06:51:18,2026-04-10,4,15,未支付
2026052200678,u0036,p008,28.00,2,56.00,2026-05-22 17:39:47,2026-05-22,5,21,已支付
2026040300679,u0176,p006,45.00,4,180.00,2026-04-03 15:02:44,2026-04-03,4,14,已支付
2026040300680,u0169,p002,150.00,1,150.00,2026-04-03 00:09:49,2026-04-03,4,14,已支付
2026010400681,u0070,p008,28.00,2,56.00,2026-01-04 02:38:05,2026-01-04,1,1,已支付
2026020700682,u0088,p001,199.00,1,199.00,2026-02-07 16:22:23,2026-02-07,2,6,未支付
2026013100683,u0059,p001,199.00,2,398.00,2026-01-31 05:57:00,2026-01-31,1,5,已支付
2026010200684,u0197,p009,55.00,5,275.00,2026-01-02 11:06:39,2026-01-02,1,1,已支付
2026013000687,u0189,p001,199.00,1,199.00,2026-01-30 05:25:36,2026-01-30,1,5,已支付
2026021800688,u0002,p008,28.00,3,84.00,2026-02-18 12:04:44,2026-02-18,2,8,已支付
2026012900689,u0079,p010,120.00,3,360.00,2026-01-29 16:51:28,2026-01-29,1,5,未支付
2026031400690,u0120,p008,28.00,2,56.00,2026-03-14 22:23:43,2026-03-14,3,11,已退款
2026051400691,u0164,p004,20.00,2,40.00,2026-05-14 01:53:26,2026-05-14,5,20,已支付
2026021700692,u0135,p004,20.00,4,80.00,2026-02-17 19:20:57,2026-02-17,2,8,已支付
2026012300693,u0027,p004,20.00,2,40.00,2026-01-23 11:17:33,2026-01-23,1,4,已支付
2026041700694,u0179,p001,199.00,5,995.00,2026-04-17 11:57:26,2026-04-17,4,16,已退款
2026042500695,u0175,p006,45.00,3,135.00,2026-04-25 00:53:19,2026-04-25,4,17,未支付
2026030100696,u0078,p012,42.00,4,168.00,2026-03-01 08:51:26,2026-03-01,3,9,已支付
2026011000699,u0154,p004,20.00,3,60.00,2026-01-10 05:22:22,2026-01-10,1,2,已支付
2026051100700,u0200,p005,68.00,2,136.00,2026-05-11 13:48:15,2026-05-11,5,20,已支付
2026030300701,u0126,p012,42.00,4,168.00,2026-03-03 18:37:42,2026-03-03,3,10,已退款
2026010600704,u0035,p005,68.00,5,340.00,2026-01-06 18:52:45,2026-01-06,1,2,已退款
2026052200705,u0161,p012,42.00,4,168.00,2026-05-22 11:21:17,2026-05-22,5,21,已支付
2026011800706,u0050,p008,28.00,1,28.00,2026-01-18 04:27:55,2026-01-18,1,3,已支付
2026052600707,u0080,p012,42.00,3,126.00,2026-05-26 01:55:48,2026-05-26,5,22,未支付
2026041100709,u0035,p012,42.00,2,84.00,2026-04-11 09:29:29,2026-04-11,4,15,已支付
2026041500710,u0035,p010,120.00,5,600.00,2026-04-15 19:29:40,2026-04-15,4,16,已退款
2026042200712,u0064,p008,28.00,1,28.00,2026-04-22 17:55:59,2026-04-22,4,17,未支付
2026041600713,u0049,p001,199.00,5,995.00,2026-04-16 19:15:41,2026-04-16,4,16,已退款
2026052300714,u0192,p003,35.50,5,177.50,2026-05-23 22:58:00,2026-05-23,5,21,已支付
2026051100715,u0088,p009,55.00,2,110.00,2026-05-11 16:10:17,2026-05-11,5,20,已支付
2026052000716,u0160,p007,180.00,3,540.00,2026-05-20 19:27:54,2026-05-20,5,21,已支付
2026030100717,u0150,p010,120.00,2,240.00,2026-03-01 15:18:04,2026-03-01,3,9,已支付
2026040400718,u0033,p007,180.00,5,900.00,2026-04-04 12:05:49,2026-04-04,4,14,已支付
2026020100719,u0038,p001,199.00,3,597.00,2026-02-01 03:09:22,2026-02-01,2,5,已支付
2026030300720,u0189,p002,150.00,4,600.00,2026-03-03 11:46:22,2026-03-03,3,10,已支付
2026021500722,u0163,p005,68.00,4,272.00,2026-02-15 07:50:25,2026-02-15,2,7,已支付
2026020900724,u0059,p003,35.50,3,106.50,2026-02-09 11:42:28,2026-02-09,2,7,已支付
2026041100725,u0002,p010,120.00,3,360.00,2026-04-11 02:26:44,2026-04-11,4,15,未支付
2026052300727,u0166,p011,38.00,2,76.00,2026-05-23 01:17:56,2026-05-23,5,21,已支付
2026011600728,u0031,p005,68.00,3,204.00,2026-01-16 07:21:36,2026-01-16,1,3,已退款
2026050600729,u0024,p010,120.00,3,360.00,2026-05-06 14:05:47,2026-05-06,5,19,已支付
2026041300730,u0143,p004,20.00,4,80.00,2026-04-13 12:23:40,2026-04-13,4,16,已退款
2026041500731,u0079,p010,120.00,1,120.00,2026-04-15 10:31:16,2026-04-15,4,16,已支付
2026033000732,u0112,p007,180.00,3,540.00,2026-03-30 04:44:29,2026-03-30,3,14,未支付
2026021800733,u0191,p001,199.00,4,796.00,2026-02-18 16:42:11,2026-02-18,2,8,已支付
2026041900736,u0021,p012,42.00,2,84.00,2026-04-19 05:29:13,2026-04-19,4,16,已支付
2026022800737,u0027,p012,42.00,5,210.00,2026-02-28 23:33:08,2026-02-28,2,9,已退款
2026052900738,u0152,p004,20.00,5,100.00,2026-05-29 05:24:29,2026-05-29,5,22,已支付
2026021500739,u0166,p007,180.00,3,540.00,2026-02-15 15:55:25,2026-02-15,2,7,已支付
2026032500740,u0115,p008,28.00,1,28.00,2026-03-25 05:03:20,2026-03-25,3,13,已支付
2026040400741,u0074,p010,120.00,1,120.00,2026-04-04 22:10:05,2026-04-04,4,14,已支付
2026050300742,u0121,p004,20.00,1,20.00,2026-05-03 20:43:56,2026-05-03,5,18,未支付
2026010800743,u0031,p008,28.00,4,112.00,2026-01-08 13:35:44,2026-01-08,1,2,已支付
2026021500744,u0175,p010,120.00,4,480.00,2026-02-15 01:04:32,2026-02-15,2,7,已支付
2026022000745,u0125,p011,38.00,5,190.00,2026-02-20 20:54:26,2026-02-20,2,8,已支付
2026011100746,u0116,p001,199.00,4,796.00,2026-01-11 06:57:03,2026-01-11,1,2,已支付
2026041400748,u0077,p003,35.50,1,35.50,2026-04-14 15:17:06,2026-04-14,4,16,已支付
2026011600749,u0022,p005,68.00,4,272.00,2026-01-16 21:07:31,2026-01-16,1,3,未支付
2026011600750,u0018,p002,150.00,5,750.00,2026-01-16 14:18:38,2026-01-16,1,3,已退款
2026012200751,u0131,p001,199.00,4,796.00,2026-01-22 11:38:18,2026-01-22,1,4,已支付
2026051500752,u0048,p008,28.00,3,84.00,2026-05-15 20:39:20,2026-05-15,5,20,已支付
2026032000753,u0064,p012,42.00,4,168.00,2026-03-20 19:58:49,2026-03-20,3,12,已退款
2026051200754,u0034,p002,150.00,4,600.00,2026-05-12 10:21:13,2026-05-12,5,20,已支付
2026041300756,u0169,p001,199.00,3,597.00,2026-04-13 14:41:55,2026-04-13,4,16,未支付
2026011100757,u0002,p003,35.50,1,35.50,2026-01-11 16:45:18,2026-01-11,1,2,已退款
2026012700758,u0175,p010,120.00,4,480.00,2026-01-27 06:46:50,2026-01-27,1,5,未支付
2026040200760,u0102,p011,38.00,5,190.00,2026-04-02 11:23:02,2026-04-02,4,14,未支付
2026031500762,u0144,p001,199.00,4,796.00,2026-03-15 15:53:07,2026-03-15,3,11,已支付
2026012700763,u0077,p012,42.00,5,210.00,2026-01-27 22:51:00,2026-01-27,1,5,未支付
2026040900764,u0031,p004,20.00,5,100.00,2026-04-09 14:04:18,2026-04-09,4,15,已支付
2026031900765,u0079,p009,55.00,2,110.00,2026-03-19 13:25:03,2026-03-19,3,12,已支付
2026040800766,u0078,p009,55.00,3,165.00,2026-04-08 18:19:27,2026-04-08,4,15,未支付
2026012600767,u0044,p009,55.00,3,165.00,2026-01-26 04:58:11,2026-01-26,1,5,已支付
2026042900768,u0089,p003,35.50,5,177.50,2026-04-29 08:59:03,2026-04-29,4,18,未支付
2026012000769,u0113,p008,28.00,4,112.00,2026-01-20 12:01:45,2026-01-20,1,4,已支付
2026013100770,u0016,p006,45.00,4,180.00,2026-01-31 21:55:23,2026-01-31,1,5,已支付
2026051600773,u0046,p002,150.00,3,450.00,2026-05-16 13:07:03,2026-05-16,5,20,已支付
2026030400774,u0184,p003,35.50,1,35.50,2026-03-04 06:34:31,2026-03-04,3,10,已支付
2026013100775,u0034,p006,45.00,2,90.00,2026-01-31 11:34:28,2026-01-31,1,5,已退款
2026040500776,u0154,p001,199.00,2,398.00,2026-04-05 02:04:21,2026-04-05,4,14,已支付
2026042900779,u0166,p004,20.00,2,40.00,2026-04-29 21:21:36,2026-04-29,4,18,已支付
2026022400781,u0072,p010,120.00,1,120.00,2026-02-24 02:10:11,2026-02-24,2,9,未支付
2026012500782,u0139,p008,28.00,3,84.00,2026-01-25 23:12:30,2026-01-25,1,4,已支付
2026031100784,u0124,p007,180.00,1,180.00,2026-03-11 15:46:19,2026-03-11,3,11,已支付
2026052600785,u0102,p011,38.00,3,114.00,2026-05-26 20:56:26,2026-05-26,5,22,已支付
2026030100786,u0150,p012,42.00,1,42.00,2026-03-01 01:35:20,2026-03-01,3,9,未支付
2026012300788,u0149,p009,55.00,4,220.00,2026-01-23 06:56:14,2026-01-23,1,4,已支付
2026020900789,u0055,p002,150.00,5,750.00,2026-02-09 20:34:42,2026-02-09,2,7,已支付
2026050900790,u0077,p008,28.00,5,140.00,2026-05-09 23:24:17,2026-05-09,5,19,已支付
2026042800791,u0082,p006,45.00,4,180.00,2026-04-28 18:39:24,2026-04-28,4,18,已退款
2026032100792,u0198,p002,150.00,2,300.00,2026-03-21 03:48:39,2026-03-21,3,12,已退款
2026032900794,u0045,p009,55.00,4,220.00,2026-03-29 02:53:32,2026-03-29,3,13,已退款
2026052500796,u0010,p006,45.00,1,45.00,2026-05-25 01:41:44,2026-05-25,5,22,已退款
2026013000798,u0012,p003,35.50,3,106.50,2026-01-30 22:42:53,2026-01-30,1,5,未支付
2026040700800,u0071,p010,120.00,1,120.00,2026-04-07 16:32:08,2026-04-07,4,15,已支付
2026020700801,u0034,p006,45.00,2,90.00,2026-02-07 10:17:21,2026-02-07,2,6,已支付
2026022800802,u0044,p009,55.00,3,165.00,2026-02-28 11:08:07,2026-02-28,2,9,已支付
2026050600803,u0069,p011,38.00,1,38.00,2026-05-06 09:36:17,2026-05-06,5,19,已支付
2026050500804,u0106,p012,42.00,2,84.00,2026-05-05 04:53:28,2026-05-05,5,19,已支付
2026050400805,u0180,p002,150.00,4,600.00,2026-05-04 08:03:12,2026-05-04,5,19,已支付
2026050300806,u0084,p006,45.00,4,180.00,2026-05-03 01:46:46,2026-05-03,5,18,已支付
2026033000807,u0197,p004,20.00,2,40.00,2026-03-30 09:49:50,2026-03-30,3,14,已支付
2026021400808,u0138,p001,199.00,3,597.00,2026-02-14 07:17:51,2026-02-14,2,7,已支付
2026010600809,u0164,p010,120.00,2,240.00,2026-01-06 03:07:36,2026-01-06,1,2,未支付
2026030400810,u0099,p002,150.00,4,600.00,2026-03-04 23:24:25,2026-03-04,3,10,已支付
2026020300812,u0146,p003,35.50,5,177.50,2026-02-03 14:03:08,2026-02-03,2,6,未支付
2026050200813,u0138,p002,150.00,3,450.00,2026-05-02 17:46:05,2026-05-02,5,18,未支付
2026051300814,u0151,p003,35.50,3,106.50,2026-05-13 04:57:56,2026-05-13,5,20,已支付
2026052700815,u0117,p007,180.00,3,540.00,2026-05-27 16:58:26,2026-05-27,5,22,已支付
2026013000816,u0167,p010,120.00,2,240.00,2026-01-30 01:02:47,2026-01-30,1,5,已支付
2026020100817,u0016,p010,120.00,3,360.00,2026-02-01 12:11:35,2026-02-01,2,5,已支付
2026052300818,u0116,p008,28.00,3,84.00,2026-05-23 18:12:19,2026-05-23,5,21,未支付
2026032100819,u0034,p006,45.00,1,45.00,2026-03-21 10:46:52,2026-03-21,3,12,已退款
2026051100820,u0160,p006,45.00,1,45.00,2026-05-11 17:33:15,2026-05-11,5,20,已支付
2026041900821,u0003,p004,20.00,5,100.00,2026-04-19 04:26:54,2026-04-19,4,16,已支付
2026051700822,u0016,p003,35.50,2,71.00,2026-05-17 05:22:42,2026-05-17,5,20,未支付
2026020200823,u0058,p001,199.00,5,995.00,2026-02-02 17:39:23,2026-02-02,2,6,未支付
2026032200824,u0021,p003,35.50,5,177.50,2026-03-22 01:51:08,2026-03-22,3,12,已支付
2026052000825,u0059,p006,45.00,1,45.00,2026-05-20 03:51:51,2026-05-20,5,21,已支付
2026041900826,u0183,p001,199.00,5,995.00,2026-04-19 20:46:41,2026-04-19,4,16,已支付
2026010800827,u0050,p007,180.00,3,540.00,2026-01-08 14:27:22,2026-01-08,1,2,已支付
2026033000828,u0144,p004,20.00,2,40.00,2026-03-30 19:37:55,2026-03-30,3,14,已支付
2026042500830,u0028,p002,150.00,5,750.00,2026-04-25 23:45:35,2026-04-25,4,17,已支付
2026031200831,u0065,p004,20.00,1,20.00,2026-03-12 22:58:35,2026-03-12,3,11,已支付
2026020400833,u0058,p003,35.50,1,35.50,2026-02-04 03:32:10,2026-02-04,2,6,已退款
2026010800834,u0035,p002,150.00,3,450.00,2026-01-08 22:45:58,2026-01-08,1,2,已支付
2026051900835,u0185,p008,28.00,2,56.00,2026-05-19 04:23:50,2026-05-19,5,21,已支付
2026040700836,u0021,p009,55.00,1,55.00,2026-04-07 04:52:34,2026-04-07,4,15,未支付
2026020800837,u0012,p012,42.00,3,126.00,2026-02-08 02:46:16,2026-02-08,2,6,已支付
2026020700838,u0161,p001,199.00,3,597.00,2026-02-07 00:03:47,2026-02-07,2,6,已支付
2026011900839,u0177,p006,45.00,5,225.00,2026-01-19 17:23:00,2026-01-19,1,4,已支付
2026010400840,u0162,p007,180.00,3,540.00,2026-01-04 08:59:03,2026-01-04,1,1,已支付
2026020500841,u0047,p005,68.00,3,204.00,2026-02-05 02:45:10,2026-02-05,2,6,已支付
2026030700843,u0081,p008,28.00,1,28.00,2026-03-07 14:45:10,2026-03-07,3,10,已支付
2026032100844,u0072,p006,45.00,2,90.00,2026-03-21 06:59:12,2026-03-21,3,12,已支付
2026013000845,u0045,p007,180.00,1,180.00,2026-01-30 16:06:00,2026-01-30,1,5,已支付
2026011400846,u0014,p007,180.00,4,720.00,2026-01-14 16:48:22,2026-01-14,1,3,已支付
2026032200847,u0070,p010,120.00,1,120.00,2026-03-22 21:41:52,2026-03-22,3,12,已支付
2026020100848,u0189,p002,150.00,1,150.00,2026-02-01 09:02:49,2026-02-01,2,5,未支付
2026042000849,u0138,p010,120.00,4,480.00,2026-04-20 23:27:03,2026-04-20,4,17,已支付
2026031400851,u0181,p009,55.00,4,220.00,2026-03-14 23:13:57,2026-03-14,3,11,已支付
2026053100852,u0138,p008,28.00,4,112.00,2026-05-31 21:45:09,2026-05-31,5,22,已支付
2026042300855,u0175,p009,55.00,1,55.00,2026-04-23 18:10:22,2026-04-23,4,17,已支付
2026022700857,u0006,p008,28.00,2,56.00,2026-02-27 20:33:24,2026-02-27,2,9,已支付
2026010700858,u0068,p004,20.00,3,60.00,2026-01-07 08:02:02,2026-01-07,1,2,已退款
2026022300859,u0078,p006,45.00,4,180.00,2026-02-23 03:11:44,2026-02-23,2,9,未支付
2026021200860,u0125,p011,38.00,1,38.00,2026-02-12 00:48:10,2026-02-12,2,7,已支付
2026022300861,u0095,p009,55.00,2,110.00,2026-02-23 08:58:45,2026-02-23,2,9,已支付
2026040300862,u0127,p007,180.00,4,720.00,2026-04-03 00:16:50,2026-04-03,4,14,已支付
2026032400863,u0033,p006,45.00,1,45.00,2026-03-24 10:42:25,2026-03-24,3,13,已退款
2026053000864,u0002,p004,20.00,5,100.00,2026-05-30 00:40:37,2026-05-30,5,22,未支付
2026031200865,u0086,p003,35.50,5,177.50,2026-03-12 08:33:45,2026-03-12,3,11,已支付
2026040300866,u0039,p004,20.00,5,100.00,2026-04-03 18:05:02,2026-04-03,4,14,已支付
2026040600867,u0075,p008,28.00,1,28.00,2026-04-06 06:10:47,2026-04-06,4,15,已退款
2026042100868,u0054,p009,55.00,4,220.00,2026-04-21 17:47:31,2026-04-21,4,17,未支付
2026013100869,u0146,p012,42.00,4,168.00,2026-01-31 05:39:24,2026-01-31,1,5,已支付
2026021100870,u0104,p011,38.00,3,114.00,2026-02-11 12:12:00,2026-02-11,2,7,已支付
2026052900872,u0105,p008,28.00,2,56.00,2026-05-29 14:34:26,2026-05-29,5,22,已支付
2026011500873,u0145,p010,120.00,3,360.00,2026-01-15 07:35:35,2026-01-15,1,3,已支付
2026022600874,u0056,p001,199.00,1,199.00,2026-02-26 00:04:18,2026-02-26,2,9,已支付
2026010700877,u0080,p007,180.00,2,360.00,2026-01-07 17:45:19,2026-01-07,1,2,未支付
2026030200878,u0112,p007,180.00,4,720.00,2026-03-02 01:34:55,2026-03-02,3,10,已退款
2026031700880,u0021,p008,28.00,4,112.00,2026-03-17 02:12:44,2026-03-17,3,12,已支付
2026022800881,u0102,p006,45.00,1,45.00,2026-02-28 05:16:17,2026-02-28,2,9,已支付
2026022600882,u0039,p007,180.00,3,540.00,2026-02-26 03:52:01,2026-02-26,2,9,已支付
2026052400883,u0056,p008,28.00,1,28.00,2026-05-24 09:51:41,2026-05-24,5,21,已支付
2026033100884,u0090,p001,199.00,4,796.00,2026-03-31 15:30:14,2026-03-31,3,14,未支付
2026031300885,u0124,p007,180.00,3,540.00,2026-03-13 07:21:50,2026-03-13,3,11,已支付
2026050400886,u0174,p011,38.00,3,114.00,2026-05-04 22:09:41,2026-05-04,5,19,已退款
2026051100887,u0096,p011,38.00,2,76.00,2026-05-11 19:52:21,2026-05-11,5,20,已支付
2026011600889,u0033,p002,150.00,1,150.00,2026-01-16 22:28:35,2026-01-16,1,3,已支付
2026032100890,u0198,p001,199.00,4,796.00,2026-03-21 21:25:42,2026-03-21,3,12,已支付
2026050600891,u0198,p007,180.00,4,720.00,2026-05-06 10:12:27,2026-05-06,5,19,已支付
2026012700893,u0151,p009,55.00,2,110.00,2026-01-27 07:13:42,2026-01-27,1,5,已支付
2026012900894,u0164,p003,35.50,3,106.50,2026-01-29 07:54:18,2026-01-29,1,5,未支付
2026042400895,u0136,p011,38.00,2,76.00,2026-04-24 05:11:46,2026-04-24,4,17,已支付
2026032300896,u0064,p002,150.00,1,150.00,2026-03-23 05:23:35,2026-03-23,3,13,已支付
2026012700897,u0103,p005,68.00,5,340.00,2026-01-27 14:16:49,2026-01-27,1,5,已退款
2026031200898,u0013,p006,45.00,1,45.00,2026-03-12 20:00:06,2026-03-12,3,11,已退款
2026052400900,u0158,p010,120.00,4,480.00,2026-05-24 16:31:02,2026-05-24,5,21,已支付
2026031800901,u0159,p012,42.00,1,42.00,2026-03-18 03:53:12,2026-03-18,3,12,已退款
2026050600902,u0118,p008,28.00,1,28.00,2026-05-06 08:42:57,2026-05-06,5,19,已支付
2026031100903,u0062,p002,150.00,5,750.00,2026-03-11 14:33:04,2026-03-11,3,11,已支付
2026022000904,u0159,p007,180.00,2,360.00,2026-02-20 12:58:08,2026-02-20,2,8,已支付
2026020500905,u0037,p003,35.50,5,177.50,2026-02-05 15:12:32,2026-02-05,2,6,已支付
2026013000906,u0086,p011,38.00,1,38.00,2026-01-30 08:19:06,2026-01-30,1,5,已退款
2026052000907,u0070,p007,180.00,1,180.00,2026-05-20 19:50:20,2026-05-20,5,21,未支付
2026053000908,u0110,p004,20.00,2,40.00,2026-05-30 08:40:12,2026-05-30,5,22,已支付
2026041800909,u0200,p003,35.50,2,71.00,2026-04-18 06:07:54,2026-04-18,4,16,未支付
2026051100910,u0163,p008,28.00,1,28.00,2026-05-11 15:58:57,2026-05-11,5,20,已支付
2026053000911,u0082,p001,199.00,5,995.00,2026-05-30 11:32:54,2026-05-30,5,22,已退款
2026011300912,u0007,p001,199.00,2,398.00,2026-01-13 09:04:29,2026-01-13,1,3,已支付
2026020400913,u0078,p011,38.00,1,38.00,2026-02-04 16:47:25,2026-02-04,2,6,已支付
2026031100914,u0039,p011,38.00,2,76.00,2026-03-11 08:10:09,2026-03-11,3,11,未支付
2026012500915,u0098,p005,68.00,1,68.00,2026-01-25 10:51:06,2026-01-25,1,4,已支付
2026011700917,u0007,p003,35.50,2,71.00,2026-01-17 11:21:18,2026-01-17,1,3,未支付
2026052600918,u0189,p002,150.00,2,300.00,2026-05-26 00:03:38,2026-05-26,5,22,已支付
2026032400920,u0200,p010,120.00,3,360.00,2026-03-24 02:15:18,2026-03-24,3,13,已退款
2026030600921,u0001,p009,55.00,4,220.00,2026-03-06 00:15:24,2026-03-06,3,10,已支付
2026053100922,u0061,p003,35.50,2,71.00,2026-05-31 08:58:48,2026-05-31,5,22,已支付
2026041700923,u0012,p008,28.00,5,140.00,2026-04-17 19:26:11,2026-04-17,4,16,已支付
2026051600924,u0155,p010,120.00,3,360.00,2026-05-16 23:46:02,2026-05-16,5,20,已支付
2026021200926,u0187,p004,20.00,5,100.00,2026-02-12 22:48:37,2026-02-12,2,7,已支付
2026021900927,u0141,p005,68.00,5,340.00,2026-02-19 20:18:20,2026-02-19,2,8,未支付
2026052800928,u0076,p008,28.00,4,112.00,2026-05-28 09:24:19,2026-05-28,5,22,未支付
2026030100930,u0196,p003,35.50,4,142.00,2026-03-01 22:29:47,2026-03-01,3,9,已支付
2026040700931,u0110,p009,55.00,3,165.00,2026-04-07 16:54:30,2026-04-07,4,15,已支付
2026022800932,u0171,p010,120.00,4,480.00,2026-02-28 04:19:35,2026-02-28,2,9,已支付
2026041600933,u0052,p009,55.00,3,165.00,2026-04-16 06:45:36,2026-04-16,4,16,已支付
2026010500934,u0092,p008,28.00,3,84.00,2026-01-05 05:26:55,2026-01-05,1,2,未支付
2026041700935,u0150,p005,68.00,1,68.00,2026-04-17 10:41:41,2026-04-17,4,16,已支付
2026040600936,u0029,p006,45.00,2,90.00,2026-04-06 02:11:41,2026-04-06,4,15,已支付
2026033100937,u0159,p002,150.00,3,450.00,2026-03-31 01:27:12,2026-03-31,3,14,已支付
2026032000938,u0133,p001,199.00,4,796.00,2026-03-20 05:01:10,2026-03-20,3,12,已支付
2026031100939,u0058,p003,35.50,4,142.00,2026-03-11 16:37:52,2026-03-11,3,11,已支付
2026022800940,u0144,p007,180.00,4,720.00,2026-02-28 02:16:45,2026-02-28,2,9,已支付
2026031100941,u0115,p008,28.00,2,56.00,2026-03-11 10:48:01,2026-03-11,3,11,已支付
2026041700942,u0178,p008,28.00,3,84.00,2026-04-17 20:28:41,2026-04-17,4,16,已支付
2026022000943,u0076,p011,38.00,5,190.00,2026-02-20 19:31:58,2026-02-20,2,8,未支付
2026012200944,u0104,p006,45.00,4,180.00,2026-01-22 21:44:30,2026-01-22,1,4,已退款
2026010200945,u0119,p011,38.00,3,114.00,2026-01-02 17:55:05,2026-01-02,1,1,已支付
2026021400946,u0001,p012,42.00,5,210.00,2026-02-14 12:43:27,2026-02-14,2,7,已支付
2026052300948,u0114,p008,28.00,4,112.00,2026-05-23 07:09:15,2026-05-23,5,21,未支付
2026050400949,u0034,p012,42.00,4,168.00,2026-05-04 21:49:15,2026-05-04,5,19,已退款
2026020500950,u0122,p001,199.00,2,398.00,2026-02-05 21:23:36,2026-02-05,2,6,已支付
2026022400952,u0106,p005,68.00,5,340.00,2026-02-24 08:25:43,2026-02-24,2,9,已支付
2026011100955,u0080,p005,68.00,1,68.00,2026-01-11 23:10:09,2026-01-11,1,2,未支付
2026041100956,u0060,p001,199.00,2,398.00,2026-04-11 16:22:29,2026-04-11,4,15,已支付
2026051600957,u0174,p008,28.00,4,112.00,2026-05-16 15:06:22,2026-05-16,5,20,已退款
2026031400958,u0166,p004,20.00,5,100.00,2026-03-14 20:56:46,2026-03-14,3,11,已支付
2026012500959,u0141,p012,42.00,5,210.00,2026-01-25 21:31:00,2026-01-25,1,4,已支付
2026020900961,u0042,p006,45.00,5,225.00,2026-02-09 20:40:11,2026-02-09,2,7,未支付
2026041300962,u0196,p001,199.00,4,796.00,2026-04-13 21:46:12,2026-04-13,4,16,已支付
2026030500965,u0133,p012,42.00,3,126.00,2026-03-05 08:46:30,2026-03-05,3,10,已支付
2026052500966,u0066,p010,120.00,5,600.00,2026-05-25 02:28:45,2026-05-25,5,22,已支付
2026020800967,u0055,p004,20.00,1,20.00,2026-02-08 18:45:29,2026-02-08,2,6,已支付
2026010500968,u0181,p009,55.00,2,110.00,2026-01-05 00:40:31,2026-01-05,1,2,已支付
2026052600969,u0185,p002,150.00,1,150.00,2026-05-26 15:41:13,2026-05-26,5,22,已支付
2026030900970,u0101,p007,180.00,3,540.00,2026-03-09 22:35:33,2026-03-09,3,11,未支付
2026031600972,u0067,p009,55.00,1,55.00,2026-03-16 01:37:17,2026-03-16,3,12,已支付
2026042100974,u0027,p009,55.00,4,220.00,2026-04-21 03:18:28,2026-04-21,4,17,已支付
2026022700977,u0055,p008,28.00,5,140.00,2026-02-27 10:29:19,2026-02-27,2,9,未支付
2026031700978,u0076,p004,20.00,4,80.00,2026-03-17 12:43:47,2026-03-17,3,12,已支付
2026022000979,u0179,p004,20.00,4,80.00,2026-02-20 22:58:17,2026-02-20,2,8,已支付
2026020900980,u0187,p011,38.00,2,76.00,2026-02-09 13:52:28,2026-02-09,2,7,已支付
2026040200982,u0142,p010,120.00,3,360.00,2026-04-02 22:08:12,2026-04-02,4,14,未支付
2026041600983,u0188,p012,42.00,3,126.00,2026-04-16 03:37:50,2026-04-16,4,16,已支付
2026022500984,u0185,p001,199.00,4,796.00,2026-02-25 14:42:53,2026-02-25,2,9,已支付
2026032200985,u0166,p006,45.00,4,180.00,2026-03-22 22:13:38,2026-03-22,3,12,已支付
2026051300986,u0184,p011,38.00,2,76.00,2026-05-13 14:42:36,2026-05-13,5,20,已支付
2026021400987,u0127,p003,35.50,2,71.00,2026-02-14 11:44:51,2026-02-14,2,7,已支付
2026031300988,u0019,p007,180.00,4,720.00,2026-03-13 18:40:57,2026-03-13,3,11,已支付
2026020900989,u0180,p007,180.00,2,360.00,2026-02-09 21:31:07,2026-02-09,2,7,已支付
2026022800992,u0163,p001,199.00,2,398.00,2026-02-28 09:53:19,2026-02-28,2,9,已支付
2026020400994,u0154,p012,42.00,4,168.00,2026-02-04 10:34:23,2026-02-04,2,6,未支付
2026031800998,u0053,p011,38.00,5,190.00,2026-03-18 20:47:31,2026-03-18,3,12,已支付
2026030900999,u0159,p010,120.00,1,120.00,2026-03-09 08:18:20,2026-03-09,3,11,已支付
